,date,month,day,previous_rainfall,rainfall
0,2022-01-01,1,1,54.88135039273247,50.10631728347521
1,2022-01-02,1,2,71.51893663724195,37.63891551943512
2,2022-01-03,1,3,60.276337607164386,36.49118360212381
3,2022-01-04,1,4,54.48831829968969,26.090449938105976
4,2022-01-05,1,5,42.36547993389047,49.59702953734696
5,2022-01-06,1,6,64.58941130666561,68.17399450693613
6,2022-01-07,1,7,43.75872112626925,27.734027130524353
7,2022-01-08,1,8,89.17730007820798,52.437981107721995
8,2022-01-09,1,9,96.36627605010293,11.738029417055717
9,2022-01-10,1,10,38.34415188257777,15.98452868541913
10,2022-01-11,1,11,79.17250380826646,4.680635471218874
11,2022-01-12,1,12,52.88949197529045,97.07314427706328
12,2022-01-13,1,13,56.80445610939323,0.3860351510261095
13,2022-01-14,1,14,92.5596638292661,17.85799680576563
14,2022-01-15,1,15,7.103605819788694,61.286675311699234
15,2022-01-16,1,16,8.712929970154072,8.13695988533053
16,2022-01-17,1,17,2.021839744032572,88.18965030968323
17,2022-01-18,1,18,83.2619845547938,71.96201578422881
18,2022-01-19,1,19,77.81567509498505,96.63899714378934
19,2022-01-20,1,20,87.00121482468191,50.763554724076485
20,2022-01-21,1,21,97.8618342232764,30.04036831584872
21,2022-01-22,1,22,79.91585642167236,54.950057279527144
22,2022-01-23,1,23,46.147936225293186,93.08187172979731
23,2022-01-24,1,24,78.05291762864555,52.07614372418605
24,2022-01-25,1,25,11.827442586893323,26.720703186231866
25,2022-01-26,1,26,63.99210213275238,87.73987891741196
26,2022-01-27,1,27,14.33532874090464,37.19187485124613
27,2022-01-28,1,28,94.46689170495839,0.13833499989991394
28,2022-01-29,1,29,52.184832175007166,24.768502249231595
29,2022-01-30,1,30,41.46619399905236,31.82335091770624
30,2022-01-31,1,31,26.455561210462697,85.87774682319022
31,2022-02-01,2,1,77.42336894342166,45.8503167066445
32,2022-02-02,2,2,45.615033221654855,44.45872878113008
33,2022-02-03,2,3,56.84339488686485,33.61022663998874
34,2022-02-04,2,4,1.8789800436355142,88.06781230470796
35,2022-02-05,2,5,61.76354970758771,94.50267769403914
36,2022-02-06,2,6,61.20957227224214,99.18903291546293
37,2022-02-07,2,7,61.69339968747569,37.674126696098675
38,2022-02-08,2,8,94.37480785146242,96.61474456271714
39,2022-02-09,2,9,68.18202991034835,79.18795696309013
40,2022-02-10,2,10,35.9507900573786,67.56891476442668
41,2022-02-11,2,11,43.703195379934144,24.488947942009943
42,2022-02-12,2,12,69.76311959272648,21.64572609442098
43,2022-02-13,2,13,6.022547162926983,16.604782452124567
44,2022-02-14,2,14,66.67667154456677,92.27566102253654
45,2022-02-15,2,15,67.06378696181594,29.407666238316608
46,2022-02-16,2,16,21.03825610738409,45.30942454488785
47,2022-02-17,2,17,12.892629765485331,49.39578339872235
48,2022-02-18,2,18,31.542835092418386,77.81715954502542
49,2022-02-19,2,19,36.37107709426226,84.42349615530242
50,2022-02-20,2,20,57.019677041787965,13.90727011486128
51,2022-02-21,2,21,43.86015134623204,42.69043602110737
52,2022-02-22,2,22,98.83738380592261,84.28548878354572
53,2022-02-23,2,23,10.204481074802807,81.80333057558384
54,2022-02-24,2,24,20.88767560948347,10.24137584524164
55,2022-02-25,2,25,16.130951788499626,15.6383348867963
56,2022-02-26,2,26,65.31083254653984,30.41986915994078
57,2022-02-27,2,27,25.329160253978213,7.5359069083340335
58,2022-02-28,2,28,46.63107728563063,42.46630028405929
59,2022-03-01,3,1,24.442559200160275,10.76177051495819
60,2022-03-02,3,2,15.896958364551972,56.8217593669845
61,2022-03-03,3,3,11.037514116430513,24.65569398111561
62,2022-03-04,3,4,65.63295894652734,59.64330653496227
63,2022-03-05,3,5,13.81829513486138,11.752564290363765
64,2022-03-06,3,6,19.65823616800535,97.58838684185334
65,2022-03-07,3,7,36.872517066096414,93.25612038573404
66,2022-03-08,3,8,82.09932298479352,39.17969385646658
67,2022-03-09,3,9,9.710127579306127,24.217859412608544
68,2022-03-10,3,10,83.7944907498804,25.039821285357277
69,2022-03-11,3,11,9.609840789396307,48.3393535202392
70,2022-03-12,3,12,97.64594650133958,3.9992801900716968
71,2022-03-13,3,13,46.86512016477016,63.9705106075127
72,2022-03-14,3,14,97.67610881903371,40.83029083397448
73,2022-03-15,3,15,60.4845519745046,37.74065725888873
74,2022-03-16,3,16,73.92635793983017,80.93649714891984
75,2022-03-17,3,17,3.9187792254320675,70.903546018329
76,2022-03-18,3,18,28.280696257640958,95.4333815392692
77,2022-03-19,3,19,12.01965612131689,35.193624049569074
78,2022-03-20,3,20,29.614019752214492,89.75427646494055
79,2022-03-21,3,21,11.872771895424405,76.99671862500888
80,2022-03-22,3,22,31.798317939397602,35.7424651594713
81,2022-03-23,3,23,41.426299451466996,62.16654364532578
82,2022-03-24,3,24,6.4147496348784365,28.856995765169557
83,2022-03-25,3,25,69.24721193700198,87.43999170748424
84,2022-03-26,3,26,56.660145420657514,11.242731721231126
85,2022-03-27,3,27,26.53894909394454,21.243436129404103
86,2022-03-28,3,28,52.32480534666997,18.303329207992114
87,2022-03-29,3,29,9.394051075844168,40.302600240428866
88,2022-03-30,3,30,57.59464955561793,74.52329600321292
89,2022-03-31,3,31,92.92961975762141,52.69074490521803
90,2022-04-01,4,1,31.856895245132367,48.76763235382076
91,2022-04-02,4,2,66.74103799636816,0.05459648969956543
92,2022-04-03,4,3,13.179786240439217,42.54017253550547
93,2022-04-04,4,4,71.63272041185655,6.355377483615843
94,2022-04-05,4,5,28.94060929472011,20.825325212148382
95,2022-04-06,4,6,18.319136200711682,93.23939389604944
96,2022-04-07,4,7,58.65129348100832,21.53982043432382
97,2022-04-08,4,8,2.0107546187493552,85.83376386342624
98,2022-04-09,4,9,82.89400292173632,80.28933715613343
99,2022-04-10,4,10,0.46954761925470656,15.914623694224284
100,2022-04-11,4,11,67.781653679623,60.571195727027884
101,2022-04-12,4,12,27.000797319216485,11.566187190501331
102,2022-04-13,4,13,73.5194022122595,72.78881583695114
103,2022-04-14,4,14,96.21885451174383,63.746227737220664
104,2022-04-15,4,15,24.875314351995804,81.19385616910193
105,2022-04-16,4,16,57.61573344178369,47.93845493891881
106,2022-04-17,4,17,59.2041931271839,91.48630878333829
107,2022-04-18,4,18,57.22519057908734,4.934894678843971
108,2022-04-19,4,19,22.308163264061832,29.288856502701467
109,2022-04-20,4,20,95.2749011516985,71.5052597465167
110,2022-04-21,4,21,44.71253786176273,41.810921174800086
111,2022-04-22,4,22,84.64086724711278,17.29513542711564
112,2022-04-23,4,23,69.94792753175044,10.721074542854602
113,2022-04-24,4,24,29.743695085513366,81.73391114616214
114,2022-04-25,4,25,81.37978197024772,47.31429784656442
115,2022-04-26,4,26,39.65057408469846,88.22836719191073
116,2022-04-27,4,27,88.11031971111616,73.3289134316726
117,2022-04-28,4,28,58.12728726358587,40.97262056307436
118,2022-04-29,4,29,88.17353618548528,37.351101415568365
119,2022-04-30,4,30,69.25315900777659,51.56383466512517
120,2022-05-01,5,1,72.52542798196406,88.90599531897287
121,2022-05-02,5,2,50.13243819267023,73.72785797141678
122,2022-05-03,5,3,95.6083634723224,0.515296426902323
123,2022-05-04,5,4,64.39901992296375,69.41578513691256
124,2022-05-05,5,5,42.38550485581797,91.95074069058207
125,2022-05-06,5,6,60.639321412792434,71.04557595044916
126,2022-05-07,5,7,1.9193198309333526,17.700578156749593
127,2022-05-08,5,8,30.15748166745493,48.35181274274587
128,2022-05-09,5,9,66.01735374926851,14.031601792341942
129,2022-05-10,5,10,29.007760721044406,35.899527833963205
130,2022-05-11,5,11,61.801542899884154,93.71170419405178
131,2022-05-12,5,12,42.87687009457662,92.33053075587083
132,2022-05-13,5,13,13.547406422245023,28.28368521760829
133,2022-05-14,5,14,29.828232595603076,33.96310441661991
134,2022-05-15,5,15,56.99649107012649,60.02128681312939
135,2022-05-16,5,16,59.08727612481732,96.319729526038
136,2022-05-17,5,17,57.43252488495788,14.780133406539042
137,2022-05-18,5,18,65.32008198571336,25.69166436866691
138,2022-05-19,5,19,65.21032700016889,87.35568272907715
139,2022-05-20,5,20,43.14184354339739,49.18922317083445
140,2022-05-21,5,21,89.6546595851063,89.89610922270317
141,2022-05-22,5,22,36.75618700478965,18.551789752317628
142,2022-05-23,5,23,43.58649252656268,53.26685874713607
143,2022-05-24,5,24,89.19233550156721,32.62696326493724
144,2022-05-25,5,25,80.61939890460857,31.654255989247602
145,2022-05-26,5,26,70.38885835403663,44.68769639461991
146,2022-05-27,5,27,10.022688731230112,43.30774491012684
147,2022-05-28,5,28,91.94826137446735,35.734687967795445
148,2022-05-29,5,29,71.42412995491114,91.49707703156186
149,2022-05-30,5,30,99.88470065678665,73.17441854328928
150,2022-05-31,5,31,14.944830465799374,72.75469913315297
151,2022-06-01,6,1,86.81260573682142,28.99134495919554
152,2022-06-02,6,2,16.249293467637482,57.770942431684034
153,2022-06-03,6,3,61.55595642838442,77.9179433301834
154,2022-06-04,6,4,12.381998284944151,79.5590368543213
155,2022-06-05,6,5,84.80082293222344,34.453046075431224
156,2022-06-06,6,6,80.73189587250107,77.08727565686479
157,2022-06-07,6,7,56.91007386145933,73.5893896807733
158,2022-06-08,6,8,40.71832972259997,14.150648562190026
159,2022-06-09,6,9,6.916699545513804,86.59454685664772
160,2022-06-10,6,10,69.74287731445636,44.13214701804108
161,2022-06-11,6,11,45.35426826780689,48.641044888866546
162,2022-06-12,6,12,72.20555994703479,44.836917889799736
163,2022-06-13,6,13,86.63823259286292,56.78460014775075
164,2022-06-14,6,14,97.55215050028858,62.11692473670547
165,2022-06-15,6,15,85.5803342392611,49.81795657629434
166,2022-06-16,6,16,1.1714084185001972,86.67885432590955
167,2022-06-17,6,17,35.99780644783639,62.77347561952844
168,2022-06-18,6,18,72.9990562424058,40.14279493055199
169,2022-06-19,6,19,17.162967726144053,41.6691756908711
170,2022-06-20,6,20,52.10366062041293,81.08386151289514
171,2022-06-21,6,21,5.433798833925363,34.81919427465201
172,2022-06-22,6,22,19.999652489640006,21.145479578241357
173,2022-06-23,6,23,1.8521794460613972,5.938318800578923
174,2022-06-24,6,24,79.36977033574206,87.60268479205742
175,2022-06-25,6,25,22.392468806038014,91.854645119035
176,2022-06-26,6,26,34.53516806969027,12.012018216347597
177,2022-06-27,6,27,92.80812934655908,33.447374149611484
178,2022-06-28,6,28,70.44144019235328,17.537206951524386
179,2022-06-29,6,29,3.1838929531307847,11.589846882587974
180,2022-06-30,6,30,16.469415649791273,89.98667430000302
181,2022-07-01,7,1,62.14784014997635,5.687725914535546
182,2022-07-02,7,2,57.72285886041676,98.04856634690069
183,2022-07-03,7,3,23.78928213745086,9.645086069738419
184,2022-07-04,7,4,93.42139979247938,86.34706491935857
185,2022-07-05,7,5,61.3965955965896,56.65061069891627
186,2022-07-06,7,6,53.56328030249583,36.791748781787334
187,2022-07-07,7,7,58.9909976354571,34.23423766251579
188,2022-07-08,7,8,73.01220295167697,75.73641432377087
189,2022-07-09,7,9,31.194499547960184,31.45732950042872
190,2022-07-10,7,10,39.82210622160919,65.73189166171419
191,2022-07-11,7,11,20.984374897512215,51.732608351608015
192,2022-07-12,7,12,18.619300588033617,48.49656451580705
193,2022-07-13,7,13,94.43723899839335,90.11621706491616
194,2022-07-14,7,14,73.95507950492876,55.46450586202596
195,2022-07-15,7,15,49.04588086175671,82.68616030486949
196,2022-07-16,7,16,22.741462797332325,72.55735341014893
197,2022-07-17,7,17,25.435648177039294,3.855724605899835
198,2022-07-18,7,18,5.802916032387562,77.31100525054192
199,2022-07-19,7,19,43.44166255581208,21.687025009104065
200,2022-07-20,7,20,31.179588199410258,90.31496468515715
201,2022-07-21,7,21,69.63434888154595,4.292419060883201
202,2022-07-22,7,22,37.775183929248094,33.307203447431874
203,2022-07-23,7,23,17.960367755963482,9.973294723475401
204,2022-07-24,7,24,2.467872839133123,47.55891170848437
205,2022-07-25,7,25,6.724963146324859,82.00224358697518
206,2022-07-26,7,26,67.93927734985672,29.81873596630641
207,2022-07-27,7,27,45.36968445560453,15.09348973110416
208,2022-07-28,7,28,53.65792111087222,33.02670356968992
209,2022-07-29,7,29,89.6671293040342,81.3880141920636
210,2022-07-30,7,30,99.03389473967043,14.038395779934687
211,2022-07-31,7,31,21.689698439847394,22.73624490775018
212,2022-08-01,8,1,66.30782031001007,6.8851964493373945
213,2022-08-02,8,2,26.332237673715063,70.57100439896077
214,2022-08-03,8,3,2.065099946572868,39.52332435363368
215,2022-08-04,8,4,75.83786538361414,31.083997714331602
216,2022-08-05,8,5,32.00171508224678,71.86263903411519
217,2022-08-06,8,6,38.3463894171898,33.59775423402552
218,2022-08-07,8,7,58.831711355360575,72.77712732144181
219,2022-08-08,8,8,83.10484552361905,81.51993953143135
220,2022-08-09,8,9,62.89818435911487,21.766284345773844
221,2022-08-10,8,10,87.26506554473953,97.38186968459833
222,2022-08-11,8,11,27.354203481563577,16.235794791266677
223,2022-08-12,8,12,79.80468339125638,29.084090665674257
224,2022-08-13,8,13,18.56359443059522,17.979529083354162
225,2022-08-14,8,14,95.27916569719446,34.55056563563345
226,2022-08-15,8,15,68.74882763878153,48.006088782075565
227,2022-08-16,8,16,21.550767711355846,52.21758690021191
228,2022-08-17,8,17,94.73705904889242,85.3606042296272
229,2022-08-18,8,18,73.08558067701578,88.94479088158666
230,2022-08-19,8,19,25.39416425950258,22.010386078090637
231,2022-08-20,8,20,21.331197736748198,62.289403218575245
232,2022-08-21,8,21,51.82007139306633,11.14960572987156
233,2022-08-22,8,22,2.5662718054531575,45.89698601820683
234,2022-08-23,8,23,20.74700754411094,32.23335380466181
235,2022-08-24,8,24,42.46854687515062,31.65007454536064
236,2022-08-25,8,25,37.41699803342256,48.2584241712101
237,2022-08-26,8,26,46.35754243648107,72.98276355292676
238,2022-08-27,8,27,27.76287062947319,6.91826587923895
239,2022-08-28,8,28,58.67843464581688,87.91733376874045
240,2022-08-29,8,29,86.38556059232315,73.4813774630561
241,2022-08-30,8,30,11.75318559620331,17.649938888906014
242,2022-08-31,8,31,51.73791071541142,93.91609090873703
243,2022-09-01,9,1,13.206810634515332,50.631222402338864
244,2022-09-02,9,2,71.68596811925937,99.98085781169654
245,2022-09-03,9,3,39.60597028072937,19.725947430073766
246,2022-09-04,9,4,56.5421311858509,53.490819838320135
247,2022-09-05,9,5,18.32798362140786,29.02480425599284
248,2022-09-06,9,6,14.484775934337723,30.417355738924655
249,2022-09-07,9,7,48.80562806489546,59.106538083399016
250,2022-09-08,9,8,35.561273784995564,92.17190668708332
251,2022-09-09,9,9,94.04319452528131,80.52638555791751
252,2022-09-10,9,10,76.53252538069653,72.39413985013259
253,2022-09-11,9,11,74.86636198505472,55.91737821017022
254,2022-09-12,9,12,90.37197397459335,92.22985036674477
255,2022-09-13,9,13,8.342243544201855,49.236140669088414
256,2022-09-14,9,14,55.219246992240656,87.38321783347182
257,2022-09-15,9,15,58.44760689557689,83.39816438766317
258,2022-09-16,9,16,96.19363785472291,21.383534680158654
259,2022-09-17,9,17,29.214752679254886,77.12254629659103
260,2022-09-18,9,18,24.08287799154468,1.2171156943258765
261,2022-09-19,9,19,10.029394226549782,32.28295375480875
262,2022-09-20,9,20,1.6429629591474204,22.95674446919498
263,2022-09-21,9,21,92.95293167921905,50.68629584873135
264,2022-09-22,9,22,66.99165465909101,73.68531616807856
265,2022-09-23,9,23,78.51529120231378,9.767636744772412
266,2022-09-24,9,24,28.17301057539491,51.49222019367684
267,2022-09-25,9,25,58.64101661863267,93.84120216943856
268,2022-09-26,9,26,6.395526612098113,22.864655098294552
269,2022-09-27,9,27,48.56275959346229,67.71411441114242
270,2022-09-28,9,28,97.74951397444468,59.28802707811576
271,2022-09-29,9,29,87.65052453165907,1.006369565609333
272,2022-09-30,9,30,33.81589518368456,47.58261958572228
273,2022-10-01,10,1,96.15701545414986,70.87703909410486
274,2022-10-02,10,2,23.170162647120453,4.39754320240906
275,2022-10-03,10,3,94.93188224156815,87.95214830237302
276,2022-10-04,10,4,94.13777047064985,52.00814166356731
277,2022-10-05,10,5,79.92025873523917,3.066104832571792
278,2022-10-06,10,6,63.044793686679114,22.44136119208402
279,2022-10-07,10,7,87.4287966624947,95.3675696427313
280,2022-10-08,10,8,29.302028450779673,58.23197330520553
281,2022-10-09,10,9,84.89435553129182,10.747256776880453
282,2022-10-10,10,10,61.78766919175238,28.75445022805615
283,2022-10-11,10,11,1.323685775889949,45.67036258604842
284,2022-10-12,10,12,34.72335179322196,2.0950069267730465
285,2022-10-13,10,13,14.814086094816503,41.16155136137588
286,2022-10-14,10,14,98.18293898182532,48.94586354346981
287,2022-10-15,10,15,47.837030703998806,24.36778752812322
288,2022-10-16,10,16,49.73913654986627,58.86390002919866
289,2022-10-17,10,17,63.94725163987236,75.32401195921769
290,2022-10-18,10,18,36.85846061296175,23.58342241056355
291,2022-10-19,10,19,13.690027168559894,62.04999002799877
292,2022-10-20,10,20,82.21177331942455,63.96222429637416
293,2022-10-21,10,21,18.984791190275796,94.8540301128841
294,2022-10-22,10,22,51.131898254645606,77.82761672964438
295,2022-10-23,10,23,22.431702897473926,84.8345269790006
296,2022-10-24,10,24,9.784448449403405,49.04199084362752
297,2022-10-25,10,25,86.21915174216834,18.534858697938283
298,2022-10-26,10,26,97.29194890231302,99.5815292959635
299,2022-10-27,10,27,96.08346580630001,12.93557610386996
300,2022-10-28,10,28,90.6555499221179,47.14573193542654
301,2022-10-29,10,29,77.40473326986388,6.809309924210661
302,2022-10-30,10,30,33.31451520286419,94.38508573508196
303,2022-10-31,10,31,8.110138998799677,96.49249408484395
304,2022-11-01,11,1,40.72411714138073,71.93890620039735
305,2022-11-02,11,2,23.223414217094273,34.99928436301689
306,2022-11-03,11,3,13.248763475798297,25.438240111762433
307,2022-11-04,11,4,5.342718178682526,26.53033245370474
308,2022-11-05,11,5,72.55943642105788,12.729402542007474
309,2022-11-06,11,6,1.1427458625031028,52.58089530767229
310,2022-11-07,11,7,77.05807485027762,14.18172757014775
311,2022-11-08,11,8,14.694664540037506,31.67306665534563
312,2022-11-09,11,9,7.952208258675575,62.67064759591049
313,2022-11-10,11,10,8.960303423860537,72.75436095907499
314,2022-11-11,11,11,67.20478073539144,2.4272704622061214
315,2022-11-12,11,12,24.536720985284475,43.011598437673996
316,2022-11-13,11,13,42.05394666800984,65.21245948421391
317,2022-11-14,11,14,55.73687913239169,85.32459761585129
318,2022-11-15,11,15,86.05511738287937,47.532478221208244
319,2022-11-16,11,16,72.70442627113283,96.92058717176852
320,2022-11-17,11,17,27.032790523871462,26.563254754144726
321,2022-11-18,11,18,13.14827992911276,1.350870662671888
322,2022-11-19,11,19,5.537432042119795,48.37528647017362
323,2022-11-20,11,20,30.15986344809425,25.611379502001796
324,2022-11-21,11,21,26.211814923967825,82.37176720231693
325,2022-11-22,11,22,45.614056680047966,23.27726721811121
326,2022-11-23,11,23,68.32813355476804,31.06292182913063
327,2022-11-24,11,24,69.56254456388572,79.12274310191123
328,2022-11-25,11,25,28.351884658216665,71.514325202536
329,2022-11-26,11,26,37.99269559001205,55.805123665726256
330,2022-11-27,11,27,18.115096173690304,70.49480619227595
331,2022-11-28,11,28,78.85455123065186,41.86368635700265
332,2022-11-29,11,29,5.68480764332403,0.5310047614667801
333,2022-11-30,11,30,69.69972417249873,1.1355128512192558
334,2022-12-01,12,1,77.86953959411034,51.122178757368665
335,2022-12-02,12,2,77.74075618487531,8.329097971899923
336,2022-12-03,12,3,25.942256434535494,5.107548016925678
337,2022-12-04,12,4,37.38131379325614,96.55166391374733
338,2022-12-05,12,5,58.7599635196389,85.90026396580586
339,2022-12-06,12,6,27.282190242446703,15.202722720956952
340,2022-12-07,12,7,37.085279921788874,0.06642185902044906
341,2022-12-08,12,8,19.705428018563964,94.16677953897565
342,2022-12-09,12,9,45.98558837560074,27.83252983201143
343,2022-12-10,12,10,4.461230125411408,18.58976028554975
344,2022-12-11,12,11,79.9795884570618,69.15081078315353
345,2022-12-12,12,12,7.695644698663273,10.89037388413262
346,2022-12-13,12,13,51.88351488315261,26.46495980028003
347,2022-12-14,12,14,30.68100995451961,97.50946802120465
348,2022-12-15,12,15,57.75429488313755,63.94627744740102
349,2022-12-16,12,16,95.9433340833425,52.067779148255354
350,2022-12-17,12,17,64.55702444560039,39.791861483493776
351,2022-12-18,12,18,3.5362435755490917,77.4500954884202
352,2022-12-19,12,19,43.04024395080612,14.095747652369372
353,2022-12-20,12,20,51.00168523182502,96.73378020369822
354,2022-12-21,12,21,53.6177494703452,86.11230080657867
355,2022-12-22,12,22,68.13925106038378,61.76569825692433
356,2022-12-23,12,23,27.759609773176606,4.290619040255816
357,2022-12-24,12,24,12.88605654663202,70.08556494477376
358,2022-12-25,12,25,39.26756765470943,91.32843408854808
359,2022-12-26,12,26,95.64057227959488,52.457706747862595
360,2022-12-27,12,27,18.713089175084473,35.42248218272628
361,2022-12-28,12,28,90.3983954928237,12.027734497946962
362,2022-12-29,12,29,54.38059500773264,75.49011041375682
363,2022-12-30,12,30,45.69114216457658,88.50218512118062
364,2022-12-31,12,31,88.20414102298896,10.025174407584858
365,2023-01-01,1,1,45.860396176858586,75.8984554752342
366,2023-01-02,1,2,72.41676366115432,1.7060486259097507
367,2023-01-03,1,3,39.9025321703102,96.70549180772196
368,2023-01-04,1,4,90.40443929009577,61.50580206350962
369,2023-01-05,1,5,69.00250201912273,55.243905899163316
370,2023-01-06,1,6,69.96220542505168,29.59498335889278
371,2023-01-07,1,7,32.77204015571189,92.92916715697834
372,2023-01-08,1,8,75.67786427368893,26.5905627336791
373,2023-01-09,1,9,63.60610554471413,82.81466132166949
374,2023-01-10,1,10,24.002027337970954,98.5108679337132
375,2023-01-11,1,11,16.053882248525642,78.33966455148058
376,2023-01-12,1,12,79.63914745173317,51.89899203864318
377,2023-01-13,1,13,95.91666030352225,6.607426385167193
378,2023-01-14,1,14,45.81388272600429,47.241378917107305
379,2023-01-15,1,15,59.09841653236849,43.82559469717036
380,2023-01-16,1,16,85.77226441935547,20.279604118699524
381,2023-01-17,1,17,45.722345335385704,42.358763671430445
382,2023-01-18,1,18,95.18744768327362,35.77578840803387
383,2023-01-19,1,19,57.575116204487244,16.368426115164848
384,2023-01-20,1,20,82.07671207013149,44.137414333248614
385,2023-01-21,1,21,90.88437184127383,26.279995632448905
386,2023-01-22,1,22,81.55238187685688,52.20624206822644
387,2023-01-23,1,23,15.941446344895594,3.516005971619418
388,2023-01-24,1,24,62.88984390617004,90.62314197872841
389,2023-01-25,1,25,39.84342586196771,81.63643055198561
390,2023-01-26,1,26,6.271295202334571,55.25813325105046
391,2023-01-27,1,27,42.403225188984194,85.18085827572432
392,2023-01-28,1,28,25.86840668894077,96.23950738108005
393,2023-01-29,1,29,84.90383084285108,11.052229405266056
394,2023-01-30,1,30,3.330462654669619,63.08318084098038
395,2023-01-31,1,31,95.89827218634736,99.79940009356586
396,2023-02-01,2,1,35.536884847192965,98.78891693335261
397,2023-02-02,2,2,35.67068904025429,60.33229922907446
398,2023-02-03,2,3,1.632850268370789,12.802087045081667
399,2023-02-04,2,4,18.523232523618393,58.31928309905282
400,2023-02-05,2,5,40.12595008036087,0.20646355744217137
401,2023-02-06,2,6,92.9291417302714,19.89113346668596
402,2023-02-07,2,7,9.961493022127133,95.612315955996
403,2023-02-08,2,8,94.53015334790796,33.04405726028439
404,2023-02-09,2,9,86.94885305466322,63.83901057769486
405,2023-02-10,2,10,45.41623969075518,28.085949463224267
406,2023-02-11,2,11,32.670088176826006,94.78218871115895
407,2023-02-12,2,12,23.274412927905686,72.85587299494868
408,2023-02-13,2,13,61.446470647687434,32.96511575814126
409,2023-02-14,2,14,3.307459147550562,79.17614211803709
410,2023-02-15,2,15,1.5606064446828216,10.816552447633764
411,2023-02-16,2,16,42.87957224982378,39.23189400654594
412,2023-02-17,2,17,6.807407397472021,22.121812773159235
413,2023-02-18,2,18,25.19409882460929,68.37264472760462
414,2023-02-19,2,19,22.116091534608383,10.244628177193038
415,2023-02-20,2,20,25.319119372285193,39.70258322826741
416,2023-02-21,2,21,13.105523121525774,27.66497302091896
417,2023-02-22,2,22,1.203622289765427,50.634291932380414
418,2023-02-23,2,23,11.548429713874809,34.989768050387895
419,2023-02-24,2,24,61.848025951274785,70.6410577667011
420,2023-02-25,2,25,97.42562128180504,2.4577024306966067
421,2023-02-26,2,26,99.0345001560894,63.39869213059075
422,2023-02-27,2,27,40.905409537306156,23.057128969382003
423,2023-02-28,2,28,16.295442604660536,26.870902875684934
424,2023-03-01,3,1,63.87617573665293,80.02556035835235
425,2023-03-02,3,2,49.03053465487371,95.55683939804209
426,2023-03-03,3,3,98.94097772844314,31.65502100270866
427,2023-03-04,3,4,6.53042071517802,82.68052703690756
428,2023-03-05,3,5,78.32344383138131,10.39908379712331
429,2023-03-06,3,6,28.839849733149393,63.39816530073832
430,2023-03-07,3,7,24.1418620076574,75.10322995349188
431,2023-03-08,3,8,66.25045715326759,15.597792803445653
432,2023-03-09,3,9,24.606318499096446,42.60023876695605
433,2023-03-10,3,10,66.58591175591877,89.27071642489815
434,2023-03-11,3,11,51.73085172022888,10.357846344837219
435,2023-03-12,3,12,42.40889884358493,1.809635820147515
436,2023-03-13,3,13,55.4687808661419,59.058537904793376
437,2023-03-14,3,14,28.705151991962975,43.553154053093344
438,2023-03-15,3,15,70.6574706272979,79.86892488839027
439,2023-03-16,3,16,41.485686933356405,92.34555382041066
440,2023-03-17,3,17,36.05455604858923,29.91536445438161
441,2023-03-18,3,18,82.86569145557378,38.84041171691053
442,2023-03-19,3,19,92.49669119531922,48.627208632931485
443,2023-03-20,3,20,4.600731088729693,58.81514604352993
444,2023-03-21,3,21,23.262699282976552,98.38538296816168
445,2023-03-22,3,22,34.85193694925633,69.73302508300515
446,2023-03-23,3,23,81.49664793702473,38.95485073455688
447,2023-03-24,3,24,98.54914276432976,26.376768645046212
448,2023-03-25,3,25,96.89717046703518,94.46257184221241
449,2023-03-26,3,26,90.49483455499269,13.55484331085064
450,2023-03-27,3,27,29.65562650640299,72.0265852504758
451,2023-03-28,3,28,99.20112434144741,92.53950252924406
452,2023-03-29,3,29,24.942004105645122,66.46655865344387
453,2023-03-30,3,30,10.590615488223222,42.305444016612114
454,2023-03-31,3,31,95.09526110553941,19.8990939925484
455,2023-04-01,4,1,23.34202554680963,36.74753222519273
456,2023-04-02,4,2,68.97682650777504,70.6871809420122
457,2023-04-03,4,3,5.835635898058866,64.95342241752968
458,2023-04-04,4,4,73.07090991274762,92.7976166598358
459,2023-04-05,4,5,88.17202123338397,86.68609136593749
460,2023-04-06,4,6,27.24368954659625,81.61507522663683
461,2023-04-07,4,7,37.90568960774286,91.14508753507623
462,2023-04-08,4,8,37.42961833209161,27.63371527370494
463,2023-04-09,4,9,74.8788257540133,36.95235401396495
464,2023-04-10,4,10,23.780724253903884,37.98939037860174
465,2023-04-11,4,11,17.185309904764303,56.045058870978025
466,2023-04-12,4,12,44.92916486877381,66.8218229542771
467,2023-04-13,4,13,30.44684073773195,28.671668304039432
468,2023-04-14,4,14,83.91891222586524,1.9462467309300346
469,2023-04-15,4,15,23.774182601563876,39.92223836579093
470,2023-04-16,4,16,50.23894574892614,30.852795955440047
471,2023-04-17,4,17,94.25835996979303,94.21847190180479
472,2023-04-18,4,18,63.39976977446607,88.82650405440435
473,2023-04-19,4,19,86.72894054624648,86.03106783434195
474,2023-04-20,4,20,94.02096893547673,65.2999760945243
475,2023-04-21,4,21,75.0764861886352,34.42891646989389
476,2023-04-22,4,22,69.95750602247513,54.88492673993047
477,2023-04-23,4,23,96.79655666042271,81.52250407163727
478,2023-04-24,4,24,99.44007896476793,9.861036872281105
479,2023-04-25,4,25,45.182168266975964,80.10748802553047
480,2023-04-26,4,26,7.086977818420836,4.117979132812167
481,2023-04-27,4,27,29.279403144051884,81.64210312143557
482,2023-04-28,4,28,15.235470568773046,80.75638041598735
483,2023-04-29,4,29,41.74863747960118,5.100730882875581
484,2023-04-30,4,30,13.128932847325602,62.716071146185826
485,2023-05-01,5,1,60.4117804020882,50.24530743128972
486,2023-05-02,5,2,38.28080591578541,16.981950317171467
487,2023-05-03,5,3,89.538588428821,14.837893767737565
488,2023-05-04,5,4,96.77946717985019,77.32591260670232
489,2023-05-05,5,5,54.688490166942216,56.7692748836844
490,2023-05-06,5,6,27.482356986759658,98.29991349165324
491,2023-05-07,5,7,59.22304187618368,98.22477772883441
492,2023-05-08,5,8,89.67611582244098,99.26669934642663
493,2023-05-09,5,9,40.67333458357483,11.86155183657659
494,2023-05-10,5,10,55.20782766919709,93.82561369639623
495,2023-05-11,5,11,27.16527676061459,24.45696090205628
496,2023-05-12,5,12,45.5444149450027,45.8212259758612
497,2023-05-13,5,13,40.17135353795987,75.7406555821726
498,2023-05-14,5,14,24.8413465082971,20.3620932077232
499,2023-05-15,5,15,50.586638382530836,56.63116055543299
500,2023-05-16,5,16,31.03808259798114,18.58167482259957
501,2023-05-17,5,17,37.303486388074745,10.473610668129329
502,2023-05-18,5,18,52.49704422542643,11.655861242959853
503,2023-05-19,5,19,75.05950229289876,35.76390348482188
504,2023-05-20,5,20,33.35074657912753,0.4654836837183485
505,2023-05-21,5,21,92.41587666207636,42.48539212016895
506,2023-05-22,5,22,86.23185468359024,66.4197105081149
507,2023-05-23,5,23,4.869029597552855,40.16881850039887
508,2023-05-24,5,24,25.364252425682277,8.579460051983512
509,2023-05-25,5,25,44.613551265920194,6.268886202364055
510,2023-05-26,5,26,10.462788874247408,27.81165127648617
511,2023-05-27,5,27,34.847598903349706,16.931269054360076
512,2023-05-28,5,28,74.00975256176825,96.50949732179694
513,2023-05-29,5,29,68.05144811428259,15.1230224974085
514,2023-05-30,5,30,62.238442856600486,80.54624374049966
515,2023-05-31,5,31,71.05284027223456,58.610794174114474
516,2023-06-01,6,1,20.492368695970175,56.928691998429436
517,2023-06-02,6,2,34.169811486473215,51.20807159237846
518,2023-06-03,6,3,67.62424822774629,97.1763076113951
519,2023-06-04,6,4,87.9234763031327,36.38447750916378
520,2023-06-05,6,5,54.36780538280952,78.79157509538763
521,2023-06-06,6,6,28.269965094553662,55.52941074669596
522,2023-06-07,6,7,3.023525800598259,39.56336676257261
523,2023-06-08,6,8,71.03368289742133,95.54659333057809
524,2023-06-09,6,9,0.7884103508440377,59.83159693646871
525,2023-06-10,6,10,37.267906982099554,11.891694214601356
526,2023-06-11,6,11,53.05372145627818,41.75392009968566
527,2023-06-12,6,12,92.21114617671931,78.15817276816077
528,2023-06-13,6,13,8.94945450329001,69.37470232392138
529,2023-06-14,6,14,40.59423219682837,91.63403298365742
530,2023-06-15,6,15,2.4313199710157773,25.937738414152022
531,2023-06-16,6,16,34.26109843415903,75.81937163538238
532,2023-06-17,6,17,62.22310588397949,45.987520739452094
533,2023-06-18,6,18,27.906794822859837,57.360974696681545
534,2023-06-19,6,19,20.97499496556351,95.5046681006283
535,2023-06-20,6,20,11.570323332709364,97.92863199891774
536,2023-06-21,6,21,57.714024402034184,86.15909639255635
537,2023-06-22,6,22,69.5270005904686,35.90970877302963
538,2023-06-23,6,23,67.19571405958223,88.77008357273198
539,2023-06-24,6,24,94.88610207205073,63.8609177641413
540,2023-06-25,6,25,0.27032138935026984,42.99967804707131
541,2023-06-26,6,26,64.7196653894036,3.5742682500483736
542,2023-06-27,6,27,60.03922370976396,77.01281241915822
543,2023-06-28,6,28,58.87396099702882,50.2105580724113
544,2023-06-29,6,29,96.27703198402425,78.61884994650607
545,2023-06-30,6,30,1.6871673370039697,74.80227993432699
546,2023-07-01,7,1,69.64824307014501,79.3567368048352
547,2023-07-02,7,2,81.36786497018635,30.065115869676685
548,2023-07-03,7,3,50.980719662158414,80.07985990676309
549,2023-07-04,7,4,33.396486959680914,54.88463284661673
550,2023-07-05,7,5,79.0840163227405,47.33262004491432
551,2023-07-06,7,6,9.724292563242464,67.5125913820757
552,2023-07-07,7,7,44.203563772992524,2.1358682938348306
553,2023-07-08,7,8,51.99523745708382,10.231681588759422
554,2023-07-09,7,9,69.39564109345476,29.2177365167522
555,2023-07-10,7,10,9.088573203240946,98.29901099578396
556,2023-07-11,7,11,22.775950153786095,13.9745778864955
557,2023-07-12,7,12,41.030156269012565,33.059630075921035
558,2023-07-13,7,13,62.329467302013065,5.105306469192361
559,2023-07-14,7,14,88.69607812174175,33.12688802927263
560,2023-07-15,7,15,61.88261682413765,32.03262865108316
561,2023-07-16,7,16,13.346147093493443,94.68071709445222
562,2023-07-17,7,17,98.05801327872824,84.51540869957203
563,2023-07-18,7,18,87.17857347554929,38.27642192427715
564,2023-07-19,7,19,50.2720761145324,2.476905803924867
565,2023-07-20,7,20,92.2347981796633,83.10311139953782
566,2023-07-21,7,21,54.13807937571357,66.05361771445402
567,2023-07-22,7,22,92.33060678891631,15.236448365130972
568,2023-07-23,7,23,82.98973686033432,99.60712710101872
569,2023-07-24,7,24,96.82864102942973,10.023343742412305
570,2023-07-25,7,25,91.97828107781584,86.71145415936628
571,2023-07-26,7,26,3.603381742856948,29.426616412968897
572,2023-07-27,7,27,17.477200416093996,43.535346632515704
573,2023-07-28,7,28,38.913467710118574,79.54565267763147
574,2023-07-29,7,29,95.21426972954208,67.75083559940103
575,2023-07-30,7,30,30.002891947592957,93.78643744440392
576,2023-07-31,7,31,16.046764388760103,62.114032546038324
577,2023-08-01,8,1,88.630466608656,9.781016147905275
578,2023-08-02,8,2,44.63944154832029,88.43603632419503
579,2023-08-03,8,3,90.78755943543261,76.91555249885911
580,2023-08-04,8,4,16.023046632014328,71.1870450893322
581,2023-08-05,8,5,66.11175115080995,5.373354735373537
582,2023-08-06,8,6,44.02637528294918,39.6222744661744
583,2023-08-07,8,7,7.648676903028539,16.743581945953924
584,2023-08-08,8,8,69.64631446525006,82.1903908407869
585,2023-08-09,8,9,24.73987555391537,70.05286228178628
586,2023-08-10,8,10,3.9615522579517726,88.30775973191352
587,2023-08-11,8,11,5.994429824957326,96.6575106924164
588,2023-08-12,8,12,6.107853706678734,77.47476141924986
589,2023-08-13,8,13,90.77329574850394,99.42330832207621
590,2023-08-14,8,14,73.9883917829101,61.476988614429885
591,2023-08-15,8,15,89.80623572137351,3.7129603891447815
592,2023-08-16,8,16,67.25823112965213,1.425151515029588
593,2023-08-17,8,17,52.89399290308832,34.21038752037887
594,2023-08-18,8,18,30.444636434737827,82.34717190675372
595,2023-08-19,8,19,99.79622513286735,86.6134706324731
596,2023-08-20,8,20,36.21890589393894,96.08125288226779
597,2023-08-21,8,21,47.06489492139095,6.5121468548818395
598,2023-08-22,8,22,37.824517492346175,4.457111098766409
599,2023-08-23,8,23,97.95269293354586,91.32835963670337
600,2023-08-24,8,24,17.465838539500577,30.50466983628616
601,2023-08-25,8,25,32.798800090807966,55.79874006096327
602,2023-08-26,8,26,68.03486660150016,98.24448830007098
603,2023-08-27,8,27,6.320761833863065,40.04485347359233
604,2023-08-28,8,28,60.7249374011541,66.58713983098399
605,2023-08-29,8,29,47.76465028764161,40.08795636319853
606,2023-08-30,8,30,28.39999767621011,76.81946644627797
607,2023-08-31,8,31,23.8413280924058,52.77147255728658
608,2023-09-01,9,1,51.45127432987567,23.752313798634972
609,2023-09-02,9,2,36.792758053704134,27.130610125846623
610,2023-09-03,9,3,45.65198912626553,25.805921253840726
611,2023-09-04,9,4,33.747738176423994,53.23203282585608
612,2023-09-05,9,5,97.04936935959776,70.31890160156642
613,2023-09-06,9,6,13.343943174560401,94.92799000431421
614,2023-09-07,9,7,9.68039531783742,69.40873750829799
615,2023-09-08,9,8,34.339172879091606,78.11928439623907
616,2023-09-09,9,9,59.102690087049126,16.892611586456564
617,2023-09-10,9,10,65.91764718500282,37.406262500732566
618,2023-09-11,9,11,39.72567471680421,41.37802198582661
619,2023-09-12,9,12,99.92779939221711,68.6380230000473
620,2023-09-13,9,13,35.18929961930426,29.58919763768736
621,2023-09-14,9,14,72.14066679599524,30.329192141966608
622,2023-09-15,9,15,63.758269453079286,35.58891546408681
623,2023-09-16,9,16,81.30538632474607,81.03020815432322
624,2023-09-17,9,17,97.622566345382,57.75900900433487
625,2023-09-18,9,18,88.97936564455402,7.527727983273447
626,2023-09-19,9,19,76.45619743577086,7.824609969046881
627,2023-09-20,9,20,69.82484778182906,37.12869442824993
628,2023-09-21,9,21,33.54981696758996,76.65910506061583
629,2023-09-22,9,22,14.768557820670736,68.86834264786805
630,2023-09-23,9,23,6.263600305980976,70.79823546511867
631,2023-09-24,9,24,24.190170420148483,76.7210066054097
632,2023-09-25,9,25,43.22814811812986,28.715271288632938
633,2023-09-26,9,26,52.19962736299825,54.8256281942088
634,2023-09-27,9,27,77.30835540548716,54.33526403167696
635,2023-09-28,9,28,95.8740923056593,73.96325011799493
636,2023-09-29,9,29,11.732048038481102,95.68705691056464
637,2023-09-30,9,30,10.700414019379156,27.79899447954659
638,2023-10-01,10,1,58.969472301355076,79.32816727570481
639,2023-10-02,10,2,74.5398073947293,65.99705485232624
640,2023-10-03,10,3,84.81503803469849,58.02378708634601
641,2023-10-04,10,4,93.58320802167886,77.48797793474019
642,2023-10-05,10,5,98.3426242260642,94.40324664280993
643,2023-10-06,10,6,39.98016922245259,3.669141786941299
644,2023-10-07,10,7,38.03351835275731,14.740010251322067
645,2023-10-08,10,8,14.780867669727238,75.62872315011158
646,2023-10-09,10,9,68.49344386835594,8.379135291008454
647,2023-10-10,10,10,65.67619584408371,51.61237007410931
648,2023-10-11,10,11,86.20625958512072,21.986077664160696
649,2023-10-12,10,12,9.725799478764063,27.42957038427515
650,2023-10-13,10,13,49.77769078253418,70.18404829444162
651,2023-10-14,10,14,58.10819296720631,3.0192773268711615
652,2023-10-15,10,15,24.15570400399184,87.33194279019037
653,2023-10-16,10,16,16.902540612916127,44.447895535227
654,2023-10-17,10,17,85.95808364196215,50.23932939071011
655,2023-10-18,10,18,5.853492223555879,54.00479636936919
656,2023-10-19,10,19,47.06209039180729,64.5544294579494
657,2023-10-20,10,20,11.583400130088528,34.48565866227481
658,2023-10-21,10,21,45.705876133136734,10.110749056349134
659,2023-10-22,10,22,97.99623263423094,31.837893666617656
660,2023-10-23,10,23,42.37063534554728,16.81421180228203
661,2023-10-24,10,24,85.71249175045673,55.61331794504739
662,2023-10-25,10,25,11.73155641831939,31.802863096038646
663,2023-10-26,10,26,27.125207676186413,95.80671779934349
664,2023-10-27,10,27,40.37927406673345,96.57342779802806
665,2023-10-28,10,28,39.98121400093307,62.01258805682415
666,2023-10-29,10,29,67.13834786701531,61.7497267667286
667,2023-10-30,10,30,34.47181273755076,98.5378564567106
668,2023-10-31,10,31,71.37668684100163,88.7283151235186
669,2023-11-01,11,1,63.91868992253925,76.50699491581399
670,2023-11-02,11,2,39.91611452547731,31.35906117427012
671,2023-11-03,11,3,43.17601276543193,36.55390281180764
672,2023-11-04,11,4,61.45276998103208,20.126676576086545
673,2023-11-05,11,5,7.004219014464463,48.714812691737464
674,2023-11-06,11,6,82.24067383556903,99.03685221395796
675,2023-11-07,11,7,65.3421161113637,91.21509530115888
676,2023-11-08,11,8,72.63424644178352,11.834943401946907
677,2023-11-09,11,9,53.692300108239046,2.519028929050615
678,2023-11-10,11,10,11.047711099174473,89.86376684082661
679,2023-11-11,11,11,40.50356132969499,53.71701279487075
680,2023-11-12,11,12,40.53735828485561,20.018988820845617
681,2023-11-13,11,13,32.10429900432169,67.36532695846353
682,2023-11-14,11,14,2.995032490474936,64.422317792982
683,2023-11-15,11,15,73.72542425964774,12.208560683646718
684,2023-11-16,11,16,10.97844580625007,25.96002334976195
685,2023-11-17,11,17,60.630813304508514,6.007796431325795
686,2023-11-18,11,18,70.32174964672157,20.986047387014196
687,2023-11-19,11,19,63.47863229336947,13.230567485306288
688,2023-11-20,11,20,95.91422519779749,19.32362924745561
689,2023-11-21,11,21,10.329815508513862,68.5467145913117
690,2023-11-22,11,22,86.71671591051991,4.949974426106774
691,2023-11-23,11,23,2.9190234848913255,10.185461524821648
692,2023-11-24,11,24,53.4916854927084,13.417363807828764
693,2023-11-25,11,25,40.424361793925875,31.654112095813403
694,2023-11-26,11,26,52.41838603937582,29.87503108519409
695,2023-11-27,11,27,36.50998770600098,25.50637853166394
696,2023-11-28,11,28,19.056691494006806,75.05366534324163
697,2023-11-29,11,29,1.912289744868978,99.80227877581007
698,2023-11-30,11,30,51.814981379117434,53.397792362879585
699,2023-12-01,12,1,84.27768626848423,94.4202717913942
700,2023-12-02,12,2,37.32159557447942,39.66101121260647
701,2023-12-03,12,3,22.286381801498024,10.668244680271343
702,2023-12-04,12,4,8.053200347184408,40.87738294698373
703,2023-12-05,12,5,8.531092311870337,29.612777341469332
704,2023-12-06,12,6,22.13964462927722,49.340696228917814
705,2023-12-07,12,7,10.001406092155518,65.70436769164232
706,2023-12-08,12,8,26.503969836448206,46.10502191524082
707,2023-12-09,12,9,6.614946211695472,93.51605120778255
708,2023-12-10,12,10,6.560486720992564,88.47648222993799
709,2023-12-11,12,11,85.6276179622782,70.19775951661971
710,2023-12-12,12,12,16.212026070883322,48.968491236454916
711,2023-12-13,12,13,55.9682405823448,13.168728181445688
712,2023-12-14,12,14,77.34555444490306,39.70136667776334
713,2023-12-15,12,15,45.64095653390666,70.44015394011737
714,2023-12-16,12,16,15.336887785934572,28.488552055373116
715,2023-12-17,12,17,19.959614212011434,10.398807754342043
716,2023-12-18,12,18,43.29842062811807,90.78984575106281
717,2023-12-19,12,19,52.82340891785358,70.90508098155446
718,2023-12-20,12,20,34.944029204853486,61.52764266350972
719,2023-12-21,12,21,78.14796002346614,79.24989056089166
720,2023-12-22,12,22,75.10216488563984,83.56460375834757
721,2023-12-23,12,23,92.7211807373118,48.345899817102335
722,2023-12-24,12,24,2.895254902696054,88.118825140944
723,2023-12-25,12,25,89.56912912102034,91.64190107011055
724,2023-12-26,12,26,39.2568788462151,27.15510954247814
725,2023-12-27,12,27,87.83724953799941,60.75453597907943
726,2023-12-28,12,28,69.07847761565296,52.658402882046914
727,2023-12-29,12,29,98.73487570739682,53.794577915190246
728,2023-12-30,12,30,75.9282451716668,93.76630939645621
729,2023-12-31,12,31,36.45446259967866,30.5188702693029
